[{"model": "api.artist", "pk": 2, "fields": {"full_name": "AC/DC", "avatar": "artists/acdc.jpeg"}}, {"model": "api.artist", "pk": 3, "fields": {"full_name": "Queen", "avatar": "artists/queen.jpg"}}, {"model": "api.artist", "pk": 4, "fields": {"full_name": "Green Day", "avatar": "artists/green_day.jpg"}}, {"model": "api.artist", "pk": 5, "fields": {"full_name": "Bob Marley", "avatar": "artists/bob-marley.jpg"}}, {"model": "api.artist", "pk": 6, "fields": {"full_name": "Vicente Fern\u00e1ndez", "avatar": "artists/chente.jpg"}}, {"model": "api.artist", "pk": 7, "fields": {"full_name": "Eminem", "avatar": "artists/Eminem.jpeg"}}, {"model": "api.artist", "pk": 8, "fields": {"full_name": "Tupac", "avatar": "artists/2pac.jpg"}}, {"model": "api.artist", "pk": 9, "fields": {"full_name": "Shakira", "avatar": "artists/shakira.jpg"}}, {"model": "api.artist", "pk": 10, "fields": {"full_name": "Juanes", "avatar": "artists/juanes.jpg"}}, {"model": "api.album", "pk": 1, "fields": {"name": "F\u00edjate bien", "cover": "albums/Juanes-Fijate_Bien-Frontal_fWbOtnB.jpg", "description": "F\u00edjate bien es el nombre del \u00e1lbum debut como solista del cantautor colombiano Juanes. El \u00e1lbum fue grabado entre los meses de enero de 2000 y julio de 2000 en la ciudad de Medell\u00edn, Colombia.", "artist": 10, "musical_genre": "pop"}}, {"model": "api.album", "pk": 3, "fields": {"name": "Mi sangre", "cover": "albums/misangre.jpg", "description": "Mi sangre es el nombre del tercer \u00e1lbum de estudio como solista del cantautor colombiano Juanes. El \u00e1lbum fue producido por Gustavo Santaolalla, David Heuer, Anibal Kerpel y por el propio Juanes. El \u00e1lbum Mi sangre fue grabado entre los meses de octubre de 2003 y julio de 2004 en la ciudad de Medell\u00edn, Colombia.", "artist": 10, "musical_genre": "pop"}}, {"model": "api.album", "pk": 4, "fields": {"name": "Highway to Hell", "cover": "albums/119034554.jpg", "description": "Highway to Hell (Autopista al infierno), es el sexto \u00e1lbum de estudio de la banda de hard rock australiana AC/DC que sali\u00f3 a la venta en 1979. Tambi\u00e9n es el quinto \u00e1lbum de estudio internacional de la banda y todas sus canciones fueron escritas por Angus Young, Malcolm Young, y Bon Scott, entre las que se destacan \"Highway to Hell\", \"Touch Too Much\", \"Walk All Over You\", \"Shot Down in Flames\", \"If You Want Blood (You've Got It)\" y el oscuro blues \"Night Prowler\".", "artist": 2, "musical_genre": "rock"}}, {"model": "api.album", "pk": 5, "fields": {"name": "'74 Jailbreak", "cover": "albums/jailbreak.jpg", "description": "74 Jailbreak es un \u00e1lbum de la banda australiana de hard rock AC/DC, lanzado en octubre de 1984 en Estados Unidos, Canad\u00e1 y Jap\u00f3n.2\u200b3\u200b Con la producci\u00f3n de Harry Vanda, George Young. La canci\u00f3n \u00abJailbreak\u00bb fue lanzada en sencillo y en video. La primera canci\u00f3n es de la edici\u00f3n australiana de Dirty Deeds Done Dirt Cheap (1976), y el resto son de la edici\u00f3n australiana del \u00e1lbum debut de la banda, la edici\u00f3n australiana de High Voltage, grabada en 1974 y lanzada en mayo de 1976.", "artist": 2, "musical_genre": "rock"}}, {"model": "api.album", "pk": 6, "fields": {"name": "Legend", "cover": "albums/0060075338840_300.jpg", "description": "Legend es un \u00e1lbum de grandes \u00e9xitos de Bob Marley and the Wailers publicado el 8 de mayo de 1984 a trav\u00e9s de Island Records. El recopilatorio original, publicado en primer lugar en LP, contiene catorce de las canciones m\u00e1s reconocibles del artista jamaicano (entre ellas diez de sus once top 40 en el Reino Unido) incluidas en su formato de single. Fue publicado posteriormente en formato CD con la misma lista de canciones.", "artist": 5, "musical_genre": "reggae"}}, {"model": "api.album", "pk": 7, "fields": {"name": "The Eminem Show", "cover": "albums/The_Eminem_Show.jpg", "description": "The Eminem Show es el cuarto \u00e1lbum de estudio de Eminem y tercero tras firmar por Aftermath, lanzado en 2002. Fue el segundo \u00e1lbum musical m\u00e1s vendido ese a\u00f1o (Despu\u00e9s de Let Go de Avril Lavigne) en todo el mundo con 19 millones de copias, el primer sencillo, y el m\u00e1s exitoso, fue Without Me.", "artist": 7, "musical_genre": "rap"}}, {"model": "api.album", "pk": 8, "fields": {"name": "American Idiot", "cover": "albums/greenday.png", "description": "American Idiot es el s\u00e9ptimo \u00e1lbum de estudio de la banda estadounidense de pop punk Green Day. El \u00e1lbum fue producido por Rob Cavallo y fue lanzado al mercado el 21 de septiembre de 2004 por el sello Reprise Records. A mediados de 2003, la banda comenz\u00f3 la grabaci\u00f3n y producci\u00f3n de lo que iba a ser su s\u00e9ptimo \u00e1lbum titulado Cigarettes and Valentines.", "artist": 4, "musical_genre": "rock"}}, {"model": "api.album", "pk": 9, "fields": {"name": "A Night at the Opera", "cover": "albums/QUEEN-A-NIGHT-AT-THE-OPERA.png", "description": "A Night at the Opera \u2014en espa\u00f1ol: Una noche en la \u00d3pera\u2014 es el cuarto \u00e1lbum de estudio de la banda brit\u00e1nica de rock Queen, publicado originalmente en 1975. Coproducido por Roy Thomas Baker y Queen, A Night at the Opera fue, en el tiempo de su lanzamiento, la producci\u00f3n m\u00e1s cara realizada.1\u200b Un \u00e9xito comercial, el \u00e1lbum fue votado por el p\u00fablico y citado por publicaciones musicales como uno de los mejores trabajos de Queen y de la historia del rock.", "artist": 3, "musical_genre": "rock"}}, {"model": "api.album", "pk": 10, "fields": {"name": "Pies descalzos", "cover": "albums/shakira.jpg", "description": "Pies descalzos es el primer \u00e1lbum de estudio de la cantante y compositora colombiana Shakira. Inicialmente se lanz\u00f3 al mercado el 6 de octubre de 1995 en Colombia. Meses despu\u00e9s se public\u00f3 internacionalmente por las compa\u00f1\u00edas discogr\u00e1ficas Sony Music y Columbia Records.", "artist": 9, "musical_genre": "pop"}}, {"model": "api.album", "pk": 11, "fields": {"name": "All Eyez on Me", "cover": "albums/tupac_cover.jpg", "description": "All Eyez on Me es el cuarto \u00e1lbum de estudio del rapero 2Pac, lanzado el 13 de febrero de 1996. Fue el \u00faltimo \u00e1lbum de 2Pac con vida, ya que muri\u00f3 exactamente 7 meses despu\u00e9s, el 13 de septiembre de 1996. Es el primer doble \u00e1lbum de rap en la historia, y Disco de Diamante.", "artist": 8, "musical_genre": "rap"}}, {"model": "api.track", "pk": 1, "fields": {"name": "Jailbreak", "song": "tracks/ACDC_-_Jailbreak_-_HQ.mp3", "album": 5}}, {"model": "api.track", "pk": 2, "fields": {"name": "You Ain't Got a Hold on Me", "song": "tracks/ACDC_-_You_Aint_Got_a_Hold_on_Me_-_HQ.mp3", "album": 5}}, {"model": "api.track", "pk": 3, "fields": {"name": "Bohemian Rhapsody", "song": "tracks/Queen_-_Bohemian_Rhapsody_Official_Video.mp3", "album": 9}}, {"model": "api.track", "pk": 4, "fields": {"name": "Love Of My Life", "song": "tracks/Queen_-_Love_Of_My_Life_Lyrics.mp3", "album": 9}}, {"model": "api.track", "pk": 5, "fields": {"name": "California Love", "song": "tracks/2Pac_-_California_Love_Original_Version.mp3", "album": 11}}, {"model": "api.track", "pk": 6, "fields": {"name": "All Eyez On Me", "song": "tracks/2pac-Tupac_All_Eyez_On_Me.mp3", "album": 11}}, {"model": "api.track", "pk": 7, "fields": {"name": "Boulevard of Broken Dreams", "song": "tracks/Boulevard_of_Broken_Dreams_by_Green_Day.mp3", "album": 8}}, {"model": "api.track", "pk": 8, "fields": {"name": "Wake Me Up When September Ends", "song": "tracks/Wake_Me_Up_When_September_Ends_by_Green_Day.mp3", "album": 8}}, {"model": "api.track", "pk": 9, "fields": {"name": "Fijate Bien", "song": "tracks/Fijate_Bien_-_Juanes_-_Lyrics.mp3", "album": 1}}, {"model": "api.track", "pk": 10, "fields": {"name": "Ah\u00ed le va", "song": "tracks/Ahi_le_va_-_Juanes.mp3", "album": 1}}, {"model": "api.track", "pk": 11, "fields": {"name": "Highway To Hell", "song": "tracks/ACDC_Highway_To_Hell_-_Highway_To_Hell.mp3", "album": 4}}, {"model": "api.track", "pk": 12, "fields": {"name": "Touch Too Much", "song": "tracks/ACDC_Highway_To_Hell_-_Touch_Too_Much.mp3", "album": 4}}, {"model": "api.track", "pk": 13, "fields": {"name": "Is This Love?", "song": "tracks/01._Is_This_Love_-_Bob_Marley_-_Legend.mp3", "album": 6}}, {"model": "api.track", "pk": 14, "fields": {"name": "No Woman, No Cry", "song": "tracks/02._No_Woman_No_Cry__-_Bob_Marley_-_Legend.mp3", "album": 6}}, {"model": "api.track", "pk": 15, "fields": {"name": "Buffalo Soldier", "song": "tracks/05._Buffalo_Soldier__-_Bob_Marley_-_Legend.mp3", "album": 6}}, {"model": "api.track", "pk": 16, "fields": {"name": "Rosario Tijeras", "song": "tracks/juanes_-_rosario.mp3", "album": 3}}, {"model": "api.track", "pk": 17, "fields": {"name": "Volverte A Ver", "song": "tracks/Juanes_-_Volverte_A_Ver.mp3", "album": 3}}, {"model": "api.track", "pk": 18, "fields": {"name": "Antolog\u00eda", "song": "tracks/02_-_ANTOLOGIA.mp3", "album": 10}}, {"model": "api.track", "pk": 19, "fields": {"name": "Pienso en t\u00ed", "song": "tracks/09_-_PIENSO_EN_TI.mp3", "album": 10}}, {"model": "api.track", "pk": 20, "fields": {"name": "Cleanin' Out My Closet", "song": "tracks/Eminem_-_Cleanin_Out_My_Closet.mp3", "album": 7}}, {"model": "api.track", "pk": 21, "fields": {"name": "Sing For The Moment", "song": "tracks/Eminem_-_Sing_For_The_Moment.mp3", "album": 7}}, {"model": "api.track", "pk": 22, "fields": {"name": "Without Me", "song": "tracks/Eminem_-_Without_Me.mp3", "album": 7}}]